{
    "wallet": {
        "ltc": "",
        "doge": "DR3sr5mEAx9qAGf6QJ4e5c5ogJ8MJPiAv5",
        "zec": "",
        "bch": "",
        "btc": ""
    },
    "referral": {
        "mode": "on",
        "ref_5bot": "off",
        "ref_ltc": "",
        "ref_doge": "Or4s",
        "ref_zec": "",
        "ref_bch": "",
        "ref_btc": ""
    },
    "akun_utama": {
        "mode_nuyul": "off",
        "number": "+6285292385264",
        "change_api": "off",
        "leave": "on",
        "msg_bot":"off",
        "join":"off",
        "visit":"on"
    },
    "setting": {
        "auto_change_api":"off",
        "allow_NSFW": "on",
        "auto_switch_mode": "off",
        "delete_history":"off",
        "banyak_msg_bot":30,
        "banyak_join":75,
        "banyak_visit":5
    },
    "fitur": {
        "grup_tuyul": {
            "mode": "on",
            "chat_balance": "on",
            "group": "@isekaiarea",
            "chat": ["grab"]
        }, 
        "proxy": {
            "proxy": "off",
            "host":"proxy.digitalresistance.dog",
            "port":443,
            "secret":"d41d8cd98f00b204e9800998ecf8427e"
        },
        "leave": {
            "leave": "off",
            "usia_channel_leave":0
        },
        "mode":{
            "jeda_respon_clickbot":3,
            "jeda_forward_msgbot":3,
            "msg":"on",
            "join":"on",
            "visit":"on",
            "auto_wd":"on"
        }
    }
}
